# mysql

## åœ¨Macç¯å¢ƒä½¿ç”¨homebrewå®‰è£…mysql

* **å®‰è£…mysql**

```mysql
$ brew install mysql

==> Downloading https://homebrew.bintray.com/bottles/mysql-5.7.21.high_sierra.bottle.tar.gz
Already downloaded: /Users/Jimmy/Library/Caches/Homebrew/mysql-5.7.21.high_sierra.bottle.tar.gz
==> Pouring mysql-5.7.21.high_sierra.bottle.tar.gz
==> Caveats
We've installed your MySQL database without a root password. To secure it run:
    mysql_secure_installation

MySQL is configured to only allow connections from localhost by default

To connect run:
    mysql -uroot

To have launchd start mysql now and restart at login:
  brew services start mysql
Or, if you don't want/need a background service you can just run:
  mysql.server start
==> Summary
ğŸº  /usr/local/Cellar/mysql/5.7.21: 323 files, 233.9MB
```

* **å¯åŠ¨mysqlæœåŠ¡**

```mysql
$ mysql.server start

Starting MySQL
  SUCCESS! 
```

* **mysqlå®‰è£…åŸºæœ¬é…ç½®**

```mysql
$ mysql_secure_installation

Securing the MySQL server deployment.

Connecting to MySQL using a blank password.

VALIDATE PASSWORD PLUGIN can be used to test passwords
and improve security. It checks the strength of password
and allows the users to set only those passwords which are
secure enough. Would you like to setup VALIDATE PASSWORD plugin?
// æç¤ºæ˜¯å¦è®¾ç½®å¯†ç 
Press y|Y for Yes, any other key for No: y
// æç¤ºé€‰æ‹©å¯†ç å¼ºåº¦ç­‰çº§
There are three levels of password validation policy:

LOW    Length >= 8
MEDIUM Length >= 8, numeric, mixed case, and special characters
STRONG Length >= 8, numeric, mixed case, special characters and dictionary                  file

Please enter 0 = LOW, 1 = MEDIUM and 2 = STRONG: 1
Please set the password for root here.
// æŒ‰ç…§æ‰€é€‰çš„å¯†ç å¼ºåº¦è¦æ±‚è®¾å®šå¯†ç 
New password: 

Re-enter new password: 

// æç¤ºå¯†ç å¼ºåº¦50,ä¸ç¬¦åˆè¦æ±‚é‡æ–°è®¾ç½®å¯†ç 
Estimated strength of the password: 50 
Do you wish to continue with the password provided?(Press y|Y for Yes, any other key for No) : y
 ... Failed! Error: Your password does not satisfy the current policy requirements

New password: 

Re-enter new password: 
// æç¤ºå¯†ç å¼ºåº¦100,ç¬¦åˆè¦æ±‚ç»§ç»­è¿›è¡Œ
Estimated strength of the password: 100 
Do you wish to continue with the password provided?(Press y|Y for Yes, any other key for No) : y
By default, a MySQL installation has an anonymous user,
allowing anyone to log into MySQL without having to have
a user account created for them. This is intended only for
testing, and to make the installation go a bit smoother.
You should remove them before moving into a production
environment.
// æç¤ºåˆ é™¤é»˜è®¤æ— å¯†ç ç”¨æˆ·
Remove anonymous users? (Press y|Y for Yes, any other key for No) : y
Success.


Normally, root should only be allowed to connect from
'localhost'. This ensures that someone cannot guess at
the root password from the network.
// æç¤ºç¦æ­¢è¿œç¨‹rootç™»å½•
Disallow root login remotely? (Press y|Y for Yes, any other key for No) : no

 ... skipping.
By default, MySQL comes with a database named 'test' that
anyone can access. This is also intended only for testing,
and should be removed before moving into a production
environment.

// æç¤ºåˆ é™¤é»˜è®¤è‡ªå¸¦çš„testæ•°æ®åº“
Remove test database and access to it? (Press y|Y for Yes, any other key for No) : y
 - Dropping test database...
Success.

 - Removing privileges on test database...
Success.

Reloading the privilege tables will ensure that all changes
made so far will take effect immediately.
// æç¤ºæ˜¯å¦é‡æ–°åŠ è½½privilege tables
Reload privilege tables now? (Press y|Y for Yes, any other key for No) : y
Success.

All done! 
```

* **æµ‹è¯•ç™»é™†mysql**

``` mysql
$ mysql -u root -p
Enter password:
Welcome to the MySQL monitor.  Commands end with ; or \g.
Your MySQL connection id is 4
Server version: 5.7.25 Homebrew

Copyright (c) 2000, 2019, Oracle and/or its affiliates. All rights reserved.

Oracle is a registered trademark of Oracle Corporation and/or its
affiliates. Other names may be trademarks of their respective
owners.

Type 'help;' or '\h' for help. Type '\c' to clear the current input statement.

mysql> 
```



* **é€€å‡ºmysql**

``` mysql
mysql> quit
Bye
```

* **æŸ¥çœ‹MySQLæä¾›çš„æ‰€æœ‰å­˜å‚¨å¼•æ“**

``` mysql
mysql> show engines;
+--------------------+---------+----------------------------------------------------------------+--------------+------+------------+
| Engine             | Support | Comment                                                        | Transactions | XA   | Savepoints |
+--------------------+---------+----------------------------------------------------------------+--------------+------+------------+
| InnoDB             | DEFAULT | Supports transactions, row-level locking, and foreign keys     | YES          | YES  | YES        |
| MRG_MYISAM         | YES     | Collection of identical MyISAM tables                          | NO           | NO   | NO         |
| MEMORY             | YES     | Hash based, stored in memory, useful for temporary tables      | NO           | NO   | NO         |
| BLACKHOLE          | YES     | /dev/null storage engine (anything you write to it disappears) | NO           | NO   | NO         |
| MyISAM             | YES     | MyISAM storage engine                                          | NO           | NO   | NO         |
| CSV                | YES     | CSV storage engine                                             | NO           | NO   | NO         |
| ARCHIVE            | YES     | Archive storage engine                                         | NO           | NO   | NO         |
| PERFORMANCE_SCHEMA | YES     | Performance Schema                                             | NO           | NO   | NO         |
| FEDERATED          | NO      | Federated MySQL storage engine                                 | NULL         | NULL | NULL       |
+--------------------+---------+----------------------------------------------------------------+--------------+------+------------+
9 rows in set (0.00 sec)
```

## mysqlå¸¸ç”¨å‘½ä»¤

* æŸ¥çœ‹æ•°æ®åº“

```mysql
mysql> show databases;
+--------------------+
| Database           |
+--------------------+
| information_schema |
| RUNOOB             |
| java               |
| mysql              |
| performance_schema |
| sys                |
| yiibaidb           |
+--------------------+
7 rows in set (0.03 sec)
```

* æŸ¥çœ‹åº“ä¸­çš„è¡¨æ ¼

```mysql
mysql> use yiibaidb;
Reading table information for completion of table and column names
You can turn off this feature to get a quicker startup with -A

Database changed
mysql> show tables;
+--------------------+
| Tables_in_yiibaidb |
+--------------------+
| customers          |
| customers_bak      |
| employees          |
| items              |
| offices            |
| orderdetails       |
| orders             |
| payments           |
| productlines       |
| products           |
| tasks              |
| tasks_bak          |
| tokens             |
+--------------------+
13 rows in set (0.00 sec)
```

* æŸ¥çœ‹è¡¨ç»“æ„

```mysql
mysql> describe products;
mysql> show columns from products;
mysql> show create table products;
mysql> desc products;
+--------------------+---------------+------+-----+---------+-------+
| Field              | Type          | Null | Key | Default | Extra |
+--------------------+---------------+------+-----+---------+-------+
| productCode        | varchar(15)   | NO   | PRI |         |       |
| productName        | varchar(70)   | NO   |     | NULL    |       |
| productLine        | varchar(50)   | NO   | MUL | NULL    |       |
| productScale       | varchar(10)   | NO   |     | NULL    |       |
| productVendor      | varchar(50)   | NO   |     | NULL    |       |
| productDescription | text          | NO   |     | NULL    |       |
| quantityInStock    | smallint(6)   | NO   |     | NULL    |       |
| buyPrice           | decimal(10,2) | NO   |     | NULL    |       |
| MSRP               | decimal(10,2) | NO   |     | NULL    |       |
+--------------------+---------------+------+-----+---------+-------+
9 rows in set (0.03 sec)
```

* åˆ›å»ºæ•°æ®åº“å¹¶å¯¼å…¥æ•°æ®

```mysql
mysql> CREATE DATABASE IF NOT EXISTS yiibaidb DEFAULT CHARSET utf8 COLLATE utf8_general_ci;

mysql> use yiibaidb;

mysql> source /Users/lilei/Desktop/yiibaidb.sql;
```

* æµ‹è¯•å¯¼å…¥ç»“æœ

```mysql
mysql> use yiibaidb;
Reading table information for completion of table and column names
You can turn off this feature to get a quicker startup with -A

Database changed
mysql> select city,phone,country from `offices`;
+---------------+------------------+-----------+
| city          | phone            | country   |
+---------------+------------------+-----------+
| San Francisco | +1 650 219 4782  | USA       |
| Boston        | +1 215 837 0825  | USA       |
| NYC           | +1 212 555 3000  | USA       |
| Paris         | +33 14 723 4404  | France    |
| Beijing       | +86 33 224 5000  | China     |
| Sydney        | +61 2 9264 2451  | Australia |
| London        | +44 20 7877 2041 | UK        |
+---------------+------------------+-----------+
7 rows in set (0.03 sec)
```



### æŸ¥è¯¢è¯­å¥

```mysql
SELECT 
    column_1, column_2, ...
FROM
    table_1
[INNER | LEFT |RIGHT] JOIN table_2 ON conditions
WHERE
    conditions
GROUP BY column_1
HAVING group_conditions
ORDER BY column_1
LIMIT offset, length;
```

`SELECT`è¯­å¥ç”±ä»¥ä¸‹åˆ—è¡¨ä¸­æ‰€è¿°çš„å‡ ä¸ªå­å¥ç»„æˆï¼š

- `SELECT`ä¹‹åæ˜¯é€—å·åˆ†éš”åˆ—æˆ–æ˜Ÿå·(`*`)çš„åˆ—è¡¨ï¼Œè¡¨ç¤ºè¦è¿”å›æ‰€æœ‰åˆ—ã€‚
- `FROM`æŒ‡å®šè¦æŸ¥è¯¢æ•°æ®çš„è¡¨æˆ–è§†å›¾ã€‚
- `JOIN`æ ¹æ®æŸäº›è¿æ¥æ¡ä»¶ä»å…¶ä»–è¡¨ä¸­è·å–æ•°æ®ã€‚
- `WHERE`è¿‡æ»¤ç»“æœé›†ä¸­çš„è¡Œã€‚
- `GROUP BY`å°†ä¸€ç»„è¡Œç»„åˆæˆå°åˆ†ç»„ï¼Œå¹¶å¯¹æ¯ä¸ªå°åˆ†ç»„åº”ç”¨èšåˆå‡½æ•°ã€‚
- `HAVING`è¿‡æ»¤å™¨åŸºäº`GROUP BY`å­å¥å®šä¹‰çš„å°åˆ†ç»„ã€‚
- `ORDER BY`æŒ‡å®šç”¨äºæ’åºçš„åˆ—çš„åˆ—è¡¨ã€‚
- `LIMIT`é™åˆ¶è¿”å›è¡Œçš„æ•°é‡ã€‚

è¯­å¥ä¸­çš„`SELECT`å’Œ`FROM`è¯­å¥æ˜¯å¿…é¡»çš„ï¼Œå…¶ä»–éƒ¨åˆ†æ˜¯å¯é€‰çš„ã€‚

### select è¯­å¥

```mysql
mysql> SELECT lastname, firstname, jobtitle FROM employees;
+-----------+-----------+----------------------+
| lastname  | firstname | jobtitle             |
+-----------+-----------+----------------------+
| Murphy    | Diane     | President            |
| Patterson | Mary      | VP Sales             |
| Firrelli  | Jeff      | VP Marketing         |
| Patterson | William   | Sales Manager (APAC) |
| Bondur    | Gerard    | Sale Manager (EMEA)  |
| Bow       | Anthony   | Sales Manager (NA)   |
| Jennings  | Leslie    | Sales Rep            |
| Thompson  | Leslie    | Sales Rep            |
| Firrelli  | Julie     | Sales Rep            |
| Patterson | Steve     | Sales Rep            |
| Tseng     | Foon Yue  | Sales Rep            |
| Vanauf    | George    | Sales Rep            |
| Bondur    | Loui      | Sales Rep            |
| Hernandez | Gerard    | Sales Rep            |
| Castillo  | Pamela    | Sales Rep            |
| Bott      | Larry     | Sales Rep            |
| Jones     | Barry     | Sales Rep            |
| Fixter    | Andy      | Sales Rep            |
| Marsh     | Peter     | Sales Rep            |
| King      | Tom       | Sales Rep            |
| Nishi     | Mami      | Sales Rep            |
| Kato      | Yoshimi   | Sales Rep            |
| Gerard    | Martin    | Sales Rep            |
+-----------+-----------+----------------------+
23 rows in set (0.01 sec)
```

```mysql
mysql> SELECT * FROM employees;
+----------------+-----------+-----------+-----------+-----------------------+------------+-----------+----------------------+
| employeeNumber | lastName  | firstName | extension | email                 | officeCode | reportsTo | jobTitle             |
+----------------+-----------+-----------+-----------+-----------------------+------------+-----------+----------------------+
|           1002 | Murphy    | Diane     | x5800     | dmurphy@yiibai.com    | 1          |      NULL | President            |
|           1056 | Patterson | Mary      | x4611     | mpatterso@yiibai.com  | 1          |      1002 | VP Sales             |
|           1076 | Firrelli  | Jeff      | x9273     | jfirrelli@yiibai.com  | 1          |      1002 | VP Marketing         |
|           1088 | Patterson | William   | x4871     | wpatterson@yiibai.com | 6          |      1056 | Sales Manager (APAC) |
|           1102 | Bondur    | Gerard    | x5408     | gbondur@gmail.com     | 4          |      1056 | Sale Manager (EMEA)  |
|           1143 | Bow       | Anthony   | x5428     | abow@gmail.com        | 1          |      1056 | Sales Manager (NA)   |
|           1165 | Jennings  | Leslie    | x3291     | ljennings@yiibai.com  | 1          |      1143 | Sales Rep            |
|           1166 | Thompson  | Leslie    | x4065     | lthompson@yiibai.com  | 1          |      1143 | Sales Rep            |
|           1188 | Firrelli  | Julie     | x2173     | jfirrelli@yiibai.com  | 2          |      1143 | Sales Rep            |
|           1216 | Patterson | Steve     | x4334     | spatterson@yiibai.com | 2          |      1143 | Sales Rep            |
|           1286 | Tseng     | Foon Yue  | x2248     | ftseng@yiibai.com     | 3          |      1143 | Sales Rep            |
|           1323 | Vanauf    | George    | x4102     | gvanauf@yiibai.com    | 3          |      1143 | Sales Rep            |
|           1337 | Bondur    | Loui      | x6493     | lbondur@yiibai.com    | 4          |      1102 | Sales Rep            |
|           1370 | Hernandez | Gerard    | x2028     | ghernande@gmail.com   | 4          |      1102 | Sales Rep            |
|           1401 | Castillo  | Pamela    | x2759     | pcastillo@gmail.com   | 4          |      1102 | Sales Rep            |
|           1501 | Bott      | Larry     | x2311     | lbott@yiibai.com      | 7          |      1102 | Sales Rep            |
|           1504 | Jones     | Barry     | x102      | bjones@gmail.com      | 7          |      1102 | Sales Rep            |
|           1611 | Fixter    | Andy      | x101      | afixter@yiibai.com    | 6          |      1088 | Sales Rep            |
|           1612 | Marsh     | Peter     | x102      | pmarsh@yiibai.com     | 6          |      1088 | Sales Rep            |
|           1619 | King      | Tom       | x103      | tking@gmail.com       | 6          |      1088 | Sales Rep            |
|           1621 | Nishi     | Mami      | x101      | mnishi@gmail.com      | 5          |      1056 | Sales Rep            |
|           1625 | Kato      | Yoshimi   | x102      | ykato@gmail.com       | 5          |      1621 | Sales Rep            |
|           1702 | Gerard    | Martin    | x2312     | mgerard@gmail.com     | 4          |      1102 | Sales Rep            |
+----------------+-----------+-----------+-----------+-----------------------+------------+-----------+----------------------+
23 rows in set (0.01 sec)
```



å»ºè®®æ˜¾å¼è·å–æ•°æ®çš„åˆ—ï¼ŒåŸå› å¦‚ä¸‹ï¼š

- ä½¿ç”¨æ˜Ÿå·(`*`)å¯èƒ½ä¼šè¿”å›ä¸ä½¿ç”¨çš„åˆ—çš„æ•°æ®ã€‚ å®ƒåœ¨MySQLæ•°æ®åº“æœåŠ¡å™¨å’Œåº”ç”¨ç¨‹åºä¹‹é—´äº§ç”Ÿä¸å¿…è¦çš„*I/O*ç£ç›˜å’Œç½‘ç»œæµé‡ã€‚
- å¦‚æœæ˜ç¡®æŒ‡å®šåˆ—ï¼Œåˆ™ç»“æœé›†æ›´å¯é¢„æµ‹å¹¶ä¸”æ›´æ˜“äºç®¡ç†ã€‚ æƒ³è±¡ä¸€ä¸‹ï¼Œå½“æ‚¨ä½¿ç”¨æ˜Ÿå·(`*`)å¹¶ä¸”æœ‰äººé€šè¿‡æ·»åŠ æ›´å¤šåˆ—æ¥æ›´æ”¹è¡¨æ ¼æ•°æ®æ—¶ï¼Œå°†ä¼šå¾—åˆ°ä¸€ä¸ªä¸é¢„æœŸä¸åŒçš„ç»“æœé›†ã€‚
- ä½¿ç”¨æ˜Ÿå·(`*`)å¯èƒ½ä¼šå°†æ•æ„Ÿä¿¡æ¯æš´éœ²ç»™æœªç»æˆæƒçš„ç”¨æˆ·ã€‚

### where è¯­å¥

* æƒ³ä»`employees`è¡¨ä¸­è·å–é”€å”®ä»£è¡¨å‘˜å·¥

```mysql
mysql> SELECT lastname, firstname, jobtitle FROM employees WHERE jobtitle = 'Sales Rep';
+-----------+-----------+-----------+
| lastname  | firstname | jobtitle  |
+-----------+-----------+-----------+
| Jennings  | Leslie    | Sales Rep |
| Thompson  | Leslie    | Sales Rep |
| Firrelli  | Julie     | Sales Rep |
| Patterson | Steve     | Sales Rep |
| Tseng     | Foon Yue  | Sales Rep |
| Vanauf    | George    | Sales Rep |
| Bondur    | Loui      | Sales Rep |
| Hernandez | Gerard    | Sales Rep |
| Castillo  | Pamela    | Sales Rep |
| Bott      | Larry     | Sales Rep |
| Jones     | Barry     | Sales Rep |
| Fixter    | Andy      | Sales Rep |
| Marsh     | Peter     | Sales Rep |
| King      | Tom       | Sales Rep |
| Nishi     | Mami      | Sales Rep |
| Kato      | Yoshimi   | Sales Rep |
| Gerard    | Martin    | Sales Rep |
+-----------+-----------+-----------+
17 rows in set (0.03 sec)
```

* å°†å¤šä¸ªè¡¨è¾¾å¼ä¸é€»è¾‘è¿ç®—ç¬¦(å¦‚ANDï¼ŒORç­‰)ç»„åˆåœ¨ä¸€èµ·çš„ä¸€ä¸ªéå¸¸å¤æ‚çš„ä¾‹å­ï¼Œè¦åœ¨åŠå…¬å®¤ä»£ç (`officeCode`)ç­‰äº`1`ä¸­æŸ¥æ‰¾æ‰€æœ‰é”€å”®ä»£è¡¨

```mysql
mysql> SELECT lastname, firstname, jobtitle FROM employees WHERE jobtitle = 'Sales Rep' AND officeCode = 1;
+----------+-----------+-----------+
| lastname | firstname | jobtitle  |
+----------+-----------+-----------+
| Jennings | Leslie    | Sales Rep |
| Thompson | Leslie    | Sales Rep |
+----------+-----------+-----------+
2 rows in set (0.02 sec)
```

* å¯ç”¨äºåœ¨`WHERE`å­å¥ä¸­å½¢æˆè¿‡æ»¤è¡¨è¾¾å¼çš„æ¯”è¾ƒè¿ç®—ç¬¦

| æ“ä½œç¬¦       | æè¿°                                          |
| ------------ | --------------------------------------------- |
| `=`          | ç­‰äºï¼Œå‡ ä¹ä»»ä½•æ•°æ®ç±»å‹éƒ½å¯ä»¥ä½¿ç”¨å®ƒã€‚          |
| `<>` æˆ– `!=` | ä¸ç­‰äº                                        |
| `<=`         | å°äºæˆ–ç­‰äºï¼Œé€šå¸¸ä½¿ç”¨æ•°å­—å’Œæ—¥æœŸ/æ—¶é—´æ•°æ®ç±»å‹ã€‚ |
| `>=`         | å°äºæˆ–ç­‰äºï¼Œé€šå¸¸ä½¿ç”¨æ•°å­—å’Œæ—¥æœŸ/æ—¶é—´æ•°æ®ç±»å‹ã€‚ |

* ä½¿ç”¨ä¸ç­‰äº(`!=`)è¿ç®—ç¬¦æ¥è·å–ä¸æ˜¯é”€å”®ä»£è¡¨çš„å…¶å®ƒæ‰€æœ‰å‘˜å·¥

```mysql
mysql> SELECT lastname, firstname, jobtitle FROM employees WHERE jobtitle <> 'Sales Rep';
+-----------+-----------+----------------------+
| lastname  | firstname | jobtitle             |
+-----------+-----------+----------------------+
| Murphy    | Diane     | President            |
| Patterson | Mary      | VP Sales             |
| Firrelli  | Jeff      | VP Marketing         |
| Patterson | William   | Sales Manager (APAC) |
| Bondur    | Gerard    | Sale Manager (EMEA)  |
| Bow       | Anthony   | Sales Manager (NA)   |
+-----------+-----------+----------------------+
6 rows in set (0.00 sec)
```

* æŸ¥è¯¢åŠå…¬å®¤ä»£ç å¤§äº`5`çš„æ¯ä½å‘˜å·¥

```mysql
mysql> SELECT lastname, firstname, officeCode FROM employees WHERE officecode > 5;
+-----------+-----------+------------+
| lastname  | firstname | officeCode |
+-----------+-----------+------------+
| Patterson | William   | 6          |
| Bott      | Larry     | 7          |
| Jones     | Barry     | 7          |
| Fixter    | Andy      | 6          |
| Marsh     | Peter     | 6          |
| King      | Tom       | 6          |
+-----------+-----------+------------+
6 rows in set (0.00 sec)
```

### between è¯­å¥

* æŸ¥æ‰¾ä»·æ ¼åœ¨`90`å’Œ`100`(å«`90`å’Œ`100`)å…ƒèŒƒå›´å†…çš„å•†å“ï¼Œä¹Ÿå¯ä»¥é€šè¿‡ä½¿ç”¨å¤§äºæˆ–ç­‰äº(`>=`)å’Œå°äºæˆ–ç­‰äº(`<=`)è¿ç®—ç¬¦æ¥å®ç°ç›¸åŒçš„ç»“æœ

```mysql
mysql> SELECT productCode,productName,buyPrice FROM products WHERE buyPrice BETWEEN 90 AND 100;
mysql> SELECT productCode,productName,buyPrice FROM products WHERE buyPrice>=90 AND buyPrice<=100;
+-------------+--------------------------------------+----------+
| productCode | productName                          | buyPrice |
+-------------+--------------------------------------+----------+
| S10_1949    | 1952 Alpine Renault 1300             |    98.58 |
| S10_4698    | 2003 Harley-Davidson Eagle Drag Bike |    91.02 |
| S12_1099    | 1968 Ford Mustang                    |    95.34 |
| S12_1108    | 2001 Ferrari Enzo                    |    95.59 |
| S18_1984    | 1995 Honda Civic                     |    93.89 |
| S18_4027    | 1970 Triumph Spitfire                |    91.92 |
| S24_3856    | 1956 Porsche 356A Coupe              |    98.30 |
+-------------+--------------------------------------+----------+
7 rows in set (0.00 sec)
```

* æŸ¥æ‰¾è´­ä¹°ä»·æ ¼ä¸åœ¨`20`åˆ°`100`(å«`20`åˆ°`100`)ä¹‹é—´çš„äº§å“

```mysql
mysql> SELECT productCode,productName,buyPrice FROM products WHERE buyPrice NOT BETWEEN 20 AND 100;
mysql> SELECT productCode,productName,buyPrice FROM products WHERE buyPrice< 20 OR buyPrice> 100;
+-------------+-------------------------------------+----------+
| productCode | productName                         | buyPrice |
+-------------+-------------------------------------+----------+
| S10_4962    | 1962 LanciaA Delta 16V              |   103.42 |
| S18_2238    | 1998 Chrysler Plymouth Prowler      |   101.51 |
| S24_2840    | 1958 Chevy Corvette Limited Edition |    15.91 |
| S24_2972    | 1982 Lamborghini Diablo             |    16.24 |
+-------------+-------------------------------------+----------+
4 rows in set (0.00 sec)
```


* å½“ä½¿ç”¨`BETWEEN`è¿ç®—ç¬¦ä¸æ—¥æœŸç±»å‹å€¼æ—¶ï¼Œè¦è·å¾—æœ€ä½³ç»“æœï¼Œåº”è¯¥ä½¿ç”¨ç±»å‹è½¬æ¢å°†åˆ—æˆ–è¡¨è¾¾å¼çš„ç±»å‹æ˜¾å¼è½¬æ¢ä¸ºDATEç±»å‹ï¼Œè¦æŸ¥è¯¢è·å–æ‰€éœ€æ—¥æœŸ(`requiredDate`)ä»`2013-01-01`åˆ°`2013-01-31`çš„æ‰€æœ‰è®¢å•ï¼Œè¯·ä½¿ç”¨ä»¥ä¸‹æŸ¥è¯¢

```mysql
mysql> SELECT orderNumber,requiredDate,STATUS FROM orders WHERE requireddate BETWEEN CAST('2013-01-01' AS DATE) AND CAST('2013-01-31' AS DATE);
+-------------+--------------+---------+
| orderNumber | requiredDate | STATUS  |
+-------------+--------------+---------+
|       10100 | 2013-01-13   | Shipped |
|       10101 | 2013-01-18   | Shipped |
|       10102 | 2013-01-18   | Shipped |
+-------------+--------------+---------+
3 rows in set (0.00 sec)
```

### like è¯­å¥

* `LIKE`æ“ä½œç¬¦é€šå¸¸ç”¨äºåŸºäºæ¨¡å¼æŸ¥è¯¢é€‰æ‹©æ•°æ®ã€‚ä»¥æ­£ç¡®çš„æ–¹å¼ä½¿ç”¨`LIKE`è¿ç®—ç¬¦å¯¹äºå¢åŠ /å‡å°‘æŸ¥è¯¢æ€§èƒ½è‡³å…³é‡è¦ã€‚MySQLæä¾›ä¸¤ä¸ªé€šé…ç¬¦ï¼Œç”¨äºä¸`LIKE`è¿ç®—ç¬¦ä¸€èµ·ä½¿ç”¨ï¼Œå®ƒä»¬åˆ†åˆ«æ˜¯ï¼šç™¾åˆ†æ¯”ç¬¦å· - `%`å’Œä¸‹åˆ’çº¿ - `_`ã€‚
    - ç™¾åˆ†æ¯”(`%`)é€šé…ç¬¦å…è®¸åŒ¹é…ä»»ä½•å­—ç¬¦ä¸²çš„é›¶ä¸ªæˆ–å¤šä¸ªå­—ç¬¦ã€‚
    - ä¸‹åˆ’çº¿(`_`)é€šé…ç¬¦å…è®¸åŒ¹é…ä»»ä½•å•ä¸ªå­—ç¬¦ã€‚

* æœç´¢åå­—ä»¥å­—ç¬¦`a`å¼€å¤´çš„å‘˜å·¥ä¿¡æ¯ï¼Œå¯ä»¥åœ¨æ¨¡å¼æœ«å°¾ä½¿ç”¨ç™¾åˆ†æ¯”é€šé…ç¬¦(`ï¼…`)

```mysql
mysql> SELECT employeeNumber,lastName,firstName FROM employees WHERE firstName LIKE 'a%';
+----------------+----------+-----------+
| employeeNumber | lastName | firstName |
+----------------+----------+-----------+
|           1143 | Bow      | Anthony   |
|           1611 | Fixter   | Andy      |
+----------------+----------+-----------+
2 rows in set (0.00 sec)
```

* æœç´¢å‘˜å·¥ä»¥`on`å­—ç¬¦ç»“å°¾çš„å§“æ°ï¼Œå¯ä»¥ä½¿ç”¨æ¨¡å¼å¼€å¤´çš„`ï¼…`é€šé…ç¬¦

```mysql
mysql> SELECT employeeNumber,lastName,firstName FROM employees WHERE lastName LIKE '%on';
+----------------+-----------+-----------+
| employeeNumber | lastName  | firstName |
+----------------+-----------+-----------+
|           1056 | Patterson | Mary      |
|           1088 | Patterson | William   |
|           1166 | Thompson  | Leslie    |
|           1216 | Patterson | Steve     |
+----------------+-----------+-----------+
4 rows in set (0.00 sec)
```

* æŸ¥æ‰¾ `lastname` å­—æ®µå€¼ä¸­åŒ…å«`on`å­—ç¬¦ä¸²çš„æ‰€æœ‰å‘˜å·¥ï¼Œå¯ä½¿ç”¨å¸¦æœ‰`%on%`æ¡ä»¶

```mysql
mysql> SELECT employeeNumber,lastName,firstName FROM employees WHERE lastname LIKE '%on%';
+----------------+-----------+-----------+
| employeeNumber | lastName  | firstName |
+----------------+-----------+-----------+
|           1056 | Patterson | Mary      |
|           1088 | Patterson | William   |
|           1102 | Bondur    | Gerard    |
|           1166 | Thompson  | Leslie    |
|           1216 | Patterson | Steve     |
|           1337 | Bondur    | Loui      |
|           1504 | Jones     | Barry     |
+----------------+-----------+-----------+
7 rows in set (0.00 sec)
```

* è¦æŸ¥æ‰¾åå­—ä»¥`T`å¼€å¤´çš„å‘˜å·¥ï¼Œä»¥`m`ç»“å°¾ï¼Œå¹¶ä¸”åŒ…å«ä¾‹å¦‚`Tom`ï¼Œ`Tim`ä¹‹é—´çš„ä»»ä½•å•ä¸ªå­—ç¬¦ï¼Œå¯ä»¥ä½¿ç”¨ä¸‹åˆ’çº¿é€šé…ç¬¦æ¥æ„å»ºæ¨¡å¼

```mysql
mysql> SELECT employeeNumber,lastName,firstName FROM employees WHERE firstname LIKE 'T_m';
+----------------+----------+-----------+
| employeeNumber | lastName | firstName |
+----------------+----------+-----------+
|           1619 | King     | Tom       |
+----------------+----------+-----------+
1 row in set (0.00 sec)
```

* æœç´¢å§“æ°(`lastname`)ä¸ä»¥å­—ç¬¦`B`å¼€å¤´çš„å‘˜å·¥ï¼Œåˆ™å¯ä»¥ä½¿ç”¨`NOT LIKE`ä½œä¸ºä»¥ä¸‹æŸ¥è¯¢

```mysql
mysql> SELECT employeeNumber,lastName,firstName FROM employees WHERE lastName NOT LIKE 'B%';
+----------------+-----------+-----------+
| employeeNumber | lastName  | firstName |
+----------------+-----------+-----------+
|           1002 | Murphy    | Diane     |
|           1056 | Patterson | Mary      |
|           1076 | Firrelli  | Jeff      |
|           1088 | Patterson | William   |
|           1165 | Jennings  | Leslie    |
|           1166 | Thompson  | Leslie    |
|           1188 | Firrelli  | Julie     |
|           1216 | Patterson | Steve     |
|           1286 | Tseng     | Foon Yue  |
|           1323 | Vanauf    | George    |
|           1370 | Hernandez | Gerard    |
|           1401 | Castillo  | Pamela    |
|           1504 | Jones     | Barry     |
|           1611 | Fixter    | Andy      |
|           1612 | Marsh     | Peter     |
|           1619 | King      | Tom       |
|           1621 | Nishi     | Mami      |
|           1625 | Kato      | Yoshimi   |
|           1702 | Gerard    | Martin    |
+----------------+-----------+-----------+
19 rows in set (0.00 sec)
```

* æŸ¥è¯¢`productCode`å­—æ®µä¸­åŒ…å«`_20`å­—ç¬¦ä¸²çš„å€¼

```mysql
mysql> SELECT productCode,productName FROM products WHERE productCode LIKE '%\_20%';
+-------------+-------------------------------------------+
| productCode | productName                               |
+-------------+-------------------------------------------+
| S10_2016    | 1996 Moto Guzzi 1100i                     |
| S24_2000    | 1960 BSA Gold Star DBD34                  |
| S24_2011    | 18th century schooner                     |
| S24_2022    | 1938 Cadillac V-16 Presidential Limousine |
| S700_2047   | HMS Bounty                                |
+-------------+-------------------------------------------+
5 rows in set (0.00 sec)
```

* æ¨¡å¼`%$_20%`åŒ¹é…ä»»ä½•åŒ…å«`_20`å­—ç¬¦ä¸²çš„å­—ç¬¦ä¸²

```mysql
mysql> SELECT productCode,productName FROM products WHERE productCode LIKE '%$_20%' ESCAPE '$';
+-------------+-------------------------------------------+
| productCode | productName                               |
+-------------+-------------------------------------------+
| S10_2016    | 1996 Moto Guzzi 1100i                     |
| S24_2000    | 1960 BSA Gold Star DBD34                  |
| S24_2011    | 18th century schooner                     |
| S24_2022    | 1938 Cadillac V-16 Presidential Limousine |
| S700_2047   | HMS Bounty                                |
+-------------+-------------------------------------------+
5 rows in set (0.00 sec)
```

> `LIKE`æ“ä½œç¬¦å¼ºåˆ¶MySQLæ‰«ææ•´ä¸ªè¡¨ä»¥æ‰¾åˆ°åŒ¹é…çš„è¡Œè®°å½•ï¼Œå› æ­¤ï¼Œå®ƒä¸å…è®¸æ•°æ®åº“å¼•æ“ä½¿ç”¨ç´¢å¼•è¿›è¡Œå¿«é€Ÿæœç´¢ã€‚å› æ­¤ï¼Œå½“è¦ä»å…·æœ‰å¤§é‡è¡Œçš„è¡¨æŸ¥è¯¢æ•°æ®æ—¶ï¼Œä½¿ç”¨`LIKE`è¿ç®—ç¬¦æ¥æŸ¥è¯¢æ•°æ®çš„æ€§èƒ½ä¼šå¤§å¹…é™ä½ã€‚



### in è¯­å¥

* `IN`è¿ç®—ç¬¦æ¥ç¡®å®šæŒ‡å®šåˆ—çš„å€¼æ˜¯å¦åŒ¹é…åˆ—è¡¨ä¸­çš„å€¼æˆ–å­æŸ¥è¯¢ä¸­çš„ä»»ä½•å€¼ã€‚

```
SELECT 
    column1,column2,...
FROM
    table_name
WHERE 
 (expr|column_1) IN ('value1','value2',...);
```



> å¯ä»¥åœ¨WHEREå­å¥ä¸­ä¸`IN`è¿ç®—ç¬¦ä¸€èµ·ä½¿ç”¨ï¼Œå¯ä½¿ç”¨åˆ—æˆ–è¡¨è¾¾å¼(`expr`)ã€‚
>
> åˆ—è¡¨ä¸­çš„å€¼å¿…é¡»ç”¨é€—å·(`ï¼Œ`)åˆ†éš”ã€‚
>
> `IN`æ“ä½œç¬¦ä¹Ÿå¯ä»¥ç”¨åœ¨å…¶ä»–è¯­å¥(å¦‚INSERTã€UPDATEã€DELETEç­‰)çš„WHEREå­å¥ä¸­ã€‚
> 



* å¦‚æœ`column_1`çš„å€¼æˆ–`expr`è¡¨è¾¾å¼çš„ç»“æœç­‰äºåˆ—è¡¨ä¸­çš„ä»»ä½•å€¼ï¼Œåˆ™`IN`è¿ç®—ç¬¦è¿”å›`1`ï¼Œå¦åˆ™è¿”å›`0`ã€‚



> å½“åˆ—è¡¨ä¸­çš„å€¼éƒ½æ˜¯å¸¸é‡æ—¶ï¼š
>
> - é¦–å…ˆï¼ŒMySQLæ ¹æ®`column_1`çš„ç±»å‹æˆ–`expr`è¡¨è¾¾å¼çš„ç»“æœæ¥è®¡ç®—å€¼ã€‚
> - ç¬¬äºŒæ­¥ï¼ŒMySQLæ’åºå€¼ã€‚
> - ç¬¬ä¸‰æ­¥ï¼ŒMySQLä½¿ç”¨äºŒè¿›åˆ¶æœç´¢ç®—æ³•æœç´¢å€¼ã€‚å› æ­¤ï¼Œä½¿ç”¨å…·æœ‰å¸¸é‡åˆ—è¡¨çš„`IN`è¿ç®—ç¬¦çš„æŸ¥è¯¢å°†æ‰§è¡Œå¾—éå¸¸å¿«ã€‚
>
> > è¯·æ³¨æ„ï¼Œå¦‚æœåˆ—è¡¨ä¸­çš„`expr`æˆ–ä»»ä½•å€¼ä¸º`NULL`ï¼Œåˆ™`IN`è¿ç®—ç¬¦è®¡ç®—ç»“æœè¿”å›`NULL`ã€‚
>
> å¯ä»¥å°†`IN`è¿ç®—ç¬¦ä¸`NOT`è¿ç®—ç¬¦ç»„åˆï¼Œä»¥ç¡®å®šå€¼æ˜¯å¦ä¸åˆ—è¡¨æˆ–å­æŸ¥è¯¢ä¸­çš„ä»»ä½•å€¼ä¸åŒ¹é…ã€‚



* æŸ¥æ‰¾ä½äºç¾å›½å’Œæ³•å›½çš„åŠäº‹å¤„ï¼Œå¯ä»¥ä½¿ç”¨`IN`è¿ç®—ç¬¦ä½œä¸ºä»¥ä¸‹æŸ¥è¯¢



```mysql
mysql> SELECT officeCode, city, phone, country FROM offices WHERE country IN ('USA' , 'France');
+------------+---------------+-----------------+---------+
| officeCode | city          | phone           | country |
+------------+---------------+-----------------+---------+
| 1          | San Francisco | +1 650 219 4782 | USA     |
| 2          | Boston        | +1 215 837 0825 | USA     |
| 3          | NYC           | +1 212 555 3000 | USA     |
| 4          | Paris         | +33 14 723 4404 | France  |
+------------+---------------+-----------------+---------+
4 rows in set (0.01 sec)
```

* ä¹Ÿå¯ä»¥ä½¿ç”¨`OR`è¿ç®—ç¬¦æ‰§è¡Œå¾—åˆ°ä¸ä¸Šé¢æŸ¥è¯¢ç›¸åŒçš„ç»“æœ



```mysql
mysql> SELECT officeCode, city, phone FROM offices WHERE country = 'USA' OR country = 'France';
+------------+---------------+-----------------+
| officeCode | city          | phone           |
+------------+---------------+-----------------+
| 1          | San Francisco | +1 650 219 4782 |
| 2          | Boston        | +1 215 837 0825 |
| 3          | NYC           | +1 212 555 3000 |
| 4          | Paris         | +33 14 723 4404 |
+------------+---------------+-----------------+
4 rows in set (0.00 sec)
```



> å¦‚æœåˆ—è¡¨ä¸­æœ‰å¾ˆå¤šå€¼ï¼Œä½¿ç”¨å¤šä¸ª`OR`è¿ç®—ç¬¦åˆ™ä¼šæ„é€ ä¸€ä¸ªéå¸¸é•¿çš„è¯­å¥ã€‚ å› æ­¤ï¼Œä½¿ç”¨`IN`è¿ç®—ç¬¦åˆ™ä¼šç¼©çŸ­æŸ¥è¯¢å¹¶ä½¿æŸ¥è¯¢æ›´æ˜“è¯»ã€‚



* è¦è·å¾—ä¸åœ¨ç¾å›½å’Œæ³•å›½çš„åŠäº‹å¤„ï¼Œè¯·åœ¨`WHERE`å­å¥ä¸­ä½¿ç”¨`NOT IN`

```Â mysql
mysql> SELECT officeCode, city, phone FROM offices WHERE country NOT IN( 'USA', 'France');
+------------+---------+------------------+
| officeCode | city    | phone            |
+------------+---------+------------------+
| 5          | Beijing | +86 33 224 5000  |
| 6          | Sydney  | +61 2 9264 2451  |
| 7          | London  | +44 20 7877 2041 |
+------------+---------+------------------+
3 rows in set (0.00 sec)
```



* æŸ¥æ‰¾æ€»é‡‘é¢å¤§äº`60000`çš„è®¢å•ï¼Œåˆ™ä½¿ç”¨`IN`è¿ç®—ç¬¦æŸ¥è¯¢å¦‚ä¸‹æ‰€ç¤º

```mysql
mysql> SELECT orderNumber,customerNumber,STATUS,shippedDate FROM orders WHERE orderNumber IN (SELECT orderNumber FROM orderDetails GROUP BY orderNumber HAVING SUM(quantityOrdered*priceEach)> 60000);
+-------------+----------------+---------+-------------+
| orderNumber | customerNumber | STATUS  | shippedDate |
+-------------+----------------+---------+-------------+
|       10165 |            148 | Shipped | 2013-12-26  |
|       10287 |            298 | Shipped | 2014-09-01  |
|       10310 |            259 | Shipped | 2014-10-18  |
+-------------+----------------+---------+-------------+
3 rows in set (0.00 sec)
```



### group by è¯­å¥

* `GROUP BY`å­å¥é€šè¿‡åˆ—æˆ–è¡¨è¾¾å¼çš„å€¼å°†ä¸€ç»„è¡Œåˆ†ç»„ä¸ºä¸€ä¸ªå°åˆ†ç»„çš„æ±‡æ€»è¡Œè®°å½•ã€‚ `GROUP BY`å­å¥ä¸ºæ¯ä¸ªåˆ†ç»„è¿”å›ä¸€è¡Œã€‚æ¢å¥è¯è¯´ï¼Œå®ƒå‡å°‘äº†ç»“æœé›†ä¸­çš„è¡Œæ•°ã€‚

> `GROUP BY`å­å¥å¿…é¡»å‡ºç°åœ¨`FROM`å’Œ`WHERE`å­å¥ä¹‹åã€‚ åœ¨`GROUP BY`å…³é”®å­—ä¹‹åæ˜¯ä¸€ä¸ªä»¥é€—å·åˆ†éš”çš„åˆ—æˆ–è¡¨è¾¾å¼çš„åˆ—è¡¨ï¼Œè¿™äº›æ˜¯è¦ç”¨ä½œä¸ºæ¡ä»¶æ¥å¯¹è¡Œè¿›è¡Œåˆ†ç»„ã€‚
>
> ç»å¸¸ä½¿ç”¨GROUP BYå­å¥ä¸èšåˆå‡½æ•°ä¸€èµ·ä½¿ç”¨ï¼Œå¦‚SUMï¼ŒAVGï¼ŒMAXï¼ŒMINå’ŒCOUNTã€‚SELECTå­å¥ä¸­ä½¿ç”¨èšåˆå‡½æ•°æ¥è®¡ç®—æœ‰å…³æ¯ä¸ªåˆ†ç»„çš„ä¿¡æ¯



```mysql
SELECT 
    c1, c2,..., cn, aggregate_function(ci)
FROM
    table
WHERE
    where_conditions
GROUP BY c1 , c2,...,cn;
```



* è¦å°†è®¢å•çŠ¶æ€çš„å€¼åˆ†ç»„åˆ°å­ç»„ä¸­ï¼Œåˆ™è¦ä½¿ç”¨`GROUP BY`å­å¥å¹¶æŒ‡å®šæŒ‰`status`åˆ—æ¥æ‰§è¡Œåˆ†ç»„



```mysql
mysql> SELECT STATUS FROM orders GROUP BY STATUS;
+------------+
| STATUS     |
+------------+
| Cancelled  |
| Disputed   |
| In Process |
| On Hold    |
| Resolved   |
| Shipped    |
+------------+
6 rows in set (0.00 sec)
```



* `GROUP BY`å­å¥è¿”å›çŠ¶æ€(`status`)å€¼æ˜¯å”¯ä¸€çš„ï¼Œå®ƒåƒ`DISTINCT`è¿ç®—ç¬¦ä¸€æ ·å·¥ä½œï¼Œ`GROUP BY`æŒ‰å­—æ¯è¡¨é¡ºåºæ’åºï¼Œ`DISTINCT`ä¸æ’åº



```mysql
mysql> SELECT DISTINCT STATUS FROM orders;
+------------+
| STATUS     |
+------------+
| Shipped    |
| Resolved   |
| Cancelled  |
| On Hold    |
| Disputed   |
| In Process |
+------------+
6 rows in set (0.00 sec)
```



> å¯ä½¿ç”¨èšåˆå‡½æ•°æ¥æ‰§è¡Œä¸€ç»„è¡Œçš„è®¡ç®—å¹¶è¿”å›å•ä¸ªå€¼ã€‚`GROUP BY`å­å¥é€šå¸¸ä¸èšåˆå‡½æ•°ä¸€èµ·ä½¿ç”¨ä»¥æ‰§è¡Œè®¡ç®—æ¯ä¸ªåˆ†ç»„å¹¶è¿”å›å•ä¸ªå€¼ã€‚



* å¦‚æœæƒ³çŸ¥é“æ¯ä¸ªçŠ¶æ€ä¸­çš„è®¢å•æ•°ï¼Œå¯ä»¥ä½¿ç”¨`COUNT`å‡½æ•°ä¸`GROUP BY`å­å¥æŸ¥è¯¢è¯­å¥



```mysql
mysql> SELECT STATUS,COUNT(*) AS total_number FROM orders GROUP BY STATUS;
+------------+--------------+
| STATUS     | total_number |
+------------+--------------+
| Cancelled  |            6 |
| Disputed   |            3 |
| In Process |            6 |
| On Hold    |            4 |
| Resolved   |            4 |
| Shipped    |          303 |
+------------+--------------+
6 rows in set (0.00 sec)
```



* è¦æŒ‰çŠ¶æ€è·å–æ‰€æœ‰è®¢å•çš„æ€»é‡‘é¢ï¼Œå¯ä»¥ä½¿ç”¨`orderdetails`è¡¨è¿æ¥`orders`è¡¨ï¼Œå¹¶ä½¿ç”¨`SUM`å‡½æ•°è®¡ç®—æ€»é‡‘é¢

```mysql
mysql> SELECT STATUS,SUM(quantityOrdered*priceEach) AS amount FROM orders INNER JOIN orderdetails USING (orderNumber) GROUP BY STATUS;
+------------+------------+
| STATUS     | amount     |
+------------+------------+
| Cancelled  |  238854.18 |
| Disputed   |   61158.78 |
| In Process |  135271.52 |
| On Hold    |  169575.61 |
| Resolved   |  134235.88 |
| Shipped    | 8865094.64 |
+------------+------------+
6 rows in set (0.01 sec)
```



* æŒ‰è¡¨è¾¾å¼å¯¹è¡Œè¿›è¡Œåˆ†ç»„ï¼Œè·å–æ¯å¹´çš„æ€»é”€å”®é¢

```mysql
mysql> SELECT YEAR (orderDate) AS YEAR,SUM(quantityOrdered*priceEach) AS total FROM orders INNER JOIN orderdetails USING (orderNumber) WHERE STATUS='Shipped' GROUP BY YEAR (orderDate);
+------+------------+
| YEAR | total      |
+------+------------+
| 2013 | 3223095.80 |
| 2014 | 4300602.99 |
| 2015 | 1341395.85 |
+------+------------+
3 rows in set (0.01 sec)
```

> åœ¨`GROUP BY`å­å¥ä¸­ä½¿ç”¨`DESC`ä»¥é™åºå¯¹çŠ¶æ€è¿›è¡Œæ’åºã€‚æˆ‘ä»¬è¿˜å¯ä»¥åœ¨`GROUP BY`å­å¥ä¸­æ˜ç¡®æŒ‡å®š`ASC`ï¼ŒæŒ‰çŠ¶æ€å¯¹åˆ†ç»„è¿›è¡Œå‡åºæ’åº

```mysql
mysql> SELECT STATUS,COUNT(*) FROM orders GROUP BY STATUS DESC;
+------------+----------+
| STATUS     | COUNT(*) |
+------------+----------+
| Shipped    |      303 |
| Resolved   |        4 |
| On Hold    |        4 |
| In Process |        6 |
| Disputed   |        3 |
| Cancelled  |        6 |
+------------+----------+
6 rows in set, 1 warning (0.00 sec)
```

### having è¯­å¥

* å¯ä½¿ç”¨HAVINGå­å¥è¿‡æ»¤`GROUP BY`å­å¥è¿”å›çš„åˆ†ç»„ã€‚ä»¥ä¸‹æŸ¥è¯¢ä½¿ç”¨`HAVING`å­å¥æ¥é€‰æ‹©`2013`å¹´ä»¥åçš„å¹´é”€å”®æ€»é¢

```mysql
mysql> SELECT YEAR (orderDate) AS YEAR,SUM(quantityOrdered*priceEach) AS total FROM orders INNER JOIN orderdetails USING (orderNumber) WHERE STATUS='Shipped' GROUP BY YEAR HAVING YEAR> 2013;
+------+------------+
| YEAR | total      |
+------+------------+
| 2014 | 4300602.99 |
| 2015 | 1341395.85 |
+------+------------+
2 rows in set (0.01 sec)
```




### create è¯­å¥

* åˆ›å»ºä¸€ä¸ªåä¸º`tasks`çš„æ–°è¡¨

```mysql
mysql> CREATE TABLE IF NOT EXISTS tasks (task_id INT (11) AUTO_INCREMENT,SUBJECT VARCHAR (45) DEFAULT NULL,start_date DATE DEFAULT NULL,end_date DATE DEFAULT NULL,description VARCHAR (200) DEFAULT NULL,PRIMARY KEY (task_id)) ENGINE=INNODB DEFAULT CHARSET=utf8;
Query OK, 0 rows affected (0.02 sec)
```

* æ˜¾ç¤ºè¡¨æ ¼

```mysql
mysql> show tables;                                                                                                                                +--------------------+
| Tables_in_yiibaidb |
+--------------------+
| customers          |
| customers_bak      |
| employees          |
| items              |
| offices            |
| orderdetails       |
| orders             |
| payments           |
| productlines       |
| products           |
| tasks              |
| tokens             |
+--------------------+
12 rows in set (0.00 sec)
```

* åˆ é™¤è¡¨æ ¼

```mysql
mysql> drop table if exists tasks;
Query OK, 0 rows affected (0.02 sec)
```

### insert è¯­å¥

> `INSERT`è¯­å¥å…è®¸æ‚¨å°†ä¸€è¡Œæˆ–å¤šè¡Œæ’å…¥åˆ°è¡¨ä¸­



```mysql
INSERT INTO table(column1,column2...)
VALUES (value1,value2,...);
```



* æŠŠæ•°æ®æ’å…¥æ•°æ®åº“

```mysql
mysql> INSERT INTO tasks (SUBJECT,start_date,end_date,description) VALUES ('Learn MySQL INSERT','2017-07-21','2017-07-22','Start learning..');
Query OK, 1 row affected (0.01 sec)
```

* æŸ¥çœ‹æ•°æ®

```mysql
mysql> SELECT * FROM tasks;
+---------+--------------------+------------+------------+------------------+
| task_id | SUBJECT            | start_date | end_date   | description      |
+---------+--------------------+------------+------------+------------------+
|       1 | Learn MySQL INSERT | 2017-07-21 | 2017-07-22 | Start learning.. |
+---------+--------------------+------------+------------+------------------+
1 row in set (0.00 sec)
```

* æ’å…¥å¤šè¡Œ

```mysql
mysql> INSERT INTO tasks (SUBJECT,start_date,end_date,description) VALUES ('ä»»åŠ¡-1','2017-01-01','2017-01-02','Description 1'),('ä»»åŠ¡-2','2017-01-01','2017-01-02','Description 2'),('ä»»åŠ¡-3','2017-01-01','2017-01-02','Description 3');
Query OK, 3 rows affected (0.00 sec)
Records: 3  Duplicates: 0  Warnings: 0
```

* æŸ¥çœ‹æ•°æ®

```mysql
mysql> SELECT*FROM tasks;
+---------+--------------------+------------+------------+------------------+
| task_id | SUBJECT            | start_date | end_date   | description      |
+---------+--------------------+------------+------------+------------------+
|       1 | Learn MySQL INSERT | 2017-07-21 | 2017-07-22 | Start learning.. |
|       3 | ä»»åŠ¡-1             | 2017-01-01 | 2017-01-02 | Description 1    |
|       4 | ä»»åŠ¡-2             | 2017-01-01 | 2017-01-02 | Description 2    |
|       5 | ä»»åŠ¡-3             | 2017-01-01 | 2017-01-02 | Description 3    |
+---------+--------------------+------------+------------+------------------+
4 rows in set (0.00 sec)
```



> å¦‚æœä¸ºè¡¨ä¸­çš„æ‰€æœ‰åˆ—æŒ‡å®šç›¸åº”åˆ—çš„å€¼ï¼Œåˆ™å¯ä»¥å¿½ç•¥`INSERT`è¯­å¥ä¸­çš„åˆ—åˆ—è¡¨



* å…·æœ‰SELECTå­å¥çš„INSERT

```mysql
mysql> CREATE TABLE tasks_bak LIKE tasks;
mysql> INSERT INTO tasks_bak SELECT*FROM tasks;
mysql> SELECT*FROM tasks_bak;
+---------+--------------------+------------+------------+------------------+
| task_id | SUBJECT            | start_date | end_date   | description      |
+---------+--------------------+------------+------------+------------------+
|       1 | Learn MySQL INSERT | 2017-07-21 | 2017-07-22 | Start learning.. |
|       3 | ä»»åŠ¡-1             | 2017-01-01 | 2017-01-02 | Description 1    |
|       4 | ä»»åŠ¡-2             | 2017-01-01 | 2017-01-02 | Description 2    |
|       5 | ä»»åŠ¡-3             | 2017-01-01 | 2017-01-02 | Description 3    |
+---------+--------------------+------------+------------+------------------+
4 rows in set (0.00 sec)
```

### update è¯­å¥

* æˆ‘ä»¬ä½¿ç”¨`UPDATE`è¯­å¥æ¥æ›´æ–°è¡¨ä¸­çš„ç°æœ‰æ•°æ®ã€‚ä¹Ÿå¯ä»¥ä½¿ç”¨`UPDATE`è¯­å¥æ¥æ›´æ”¹è¡¨ä¸­å•ä¸ªè¡Œï¼Œä¸€ç»„è¡Œæˆ–æ‰€æœ‰è¡Œçš„åˆ—å€¼

```mysql
UPDATE [LOW_PRIORITY] [IGNORE] table_name 
SET 
    column_name1 = expr1,
    column_name2 = expr2,
    ...
WHERE
    condition;
```

åœ¨ä¸Šé¢`UPDATE`è¯­å¥ä¸­ï¼š

- é¦–å…ˆï¼Œåœ¨`UPDATE`å…³é”®å­—åé¢æŒ‡å®šè¦æ›´æ–°æ•°æ®çš„è¡¨åã€‚
- å…¶æ¬¡ï¼Œ`SET`å­å¥æŒ‡å®šè¦ä¿®æ”¹çš„åˆ—å’Œæ–°å€¼ã€‚è¦æ›´æ–°å¤šä¸ªåˆ—ï¼Œè¯·ä½¿ç”¨ä»¥é€—å·åˆ†éš”çš„åˆ—è¡¨ã€‚ä»¥å­—é¢å€¼ï¼Œè¡¨è¾¾å¼æˆ–`å­æŸ¥è¯¢`çš„å½¢å¼åœ¨æ¯åˆ—çš„èµ‹å€¼ä¸­æ¥æä¾›è¦è®¾ç½®çš„å€¼ã€‚
- ç¬¬ä¸‰ï¼Œä½¿ç”¨`WHEREå­å¥`ä¸­çš„æ¡ä»¶æŒ‡å®šè¦æ›´æ–°çš„è¡Œã€‚`WHERE`å­å¥æ˜¯å¯é€‰çš„ã€‚ å¦‚æœçœç•¥`WHERE`å­å¥ï¼Œåˆ™`UPDATE`è¯­å¥å°†æ›´æ–°è¡¨ä¸­çš„æ‰€æœ‰è¡Œã€‚

è¯·æ³¨æ„ï¼Œ`WHERE`å­å¥éå¸¸é‡è¦ï¼Œæ‰€ä»¥ä¸åº”è¯¥å¿˜è®°æŒ‡å®šæ›´æ–°çš„æ¡ä»¶ã€‚ æœ‰æ—¶ï¼Œæ‚¨å¯èƒ½åªæƒ³æ”¹å˜ä¸€è¡Œ; ä½†æ˜¯ï¼Œå¯èƒ½ä¼šå¿˜è®°å†™ä¸Š`WHERE`å­å¥ï¼Œå¯¼è‡´æ„å¤–æ›´æ–°è¡¨ä¸­çš„æ‰€æœ‰è¡Œã€‚

MySQLåœ¨`UPDATE`è¯­å¥ä¸­æ”¯æŒä¸¤ä¸ªä¿®é¥°ç¬¦ã€‚

- `LOW_PRIORITY`ä¿®é¥°ç¬¦æŒ‡ç¤º`UPDATE`è¯­å¥å»¶è¿Ÿæ›´æ–°ï¼Œç›´åˆ°æ²¡æœ‰ä»è¡¨ä¸­è¯»å–æ•°æ®çš„è¿æ¥ã€‚ `LOW_PRIORITY`å¯¹ä»…ä½¿ç”¨è¡¨çº§é”å®šçš„**å­˜å‚¨å¼•æ“**(ä¾‹å¦‚*MyISAM*ï¼Œ*MERGE*ï¼Œ*MEMORY*)ç”Ÿæ•ˆã€‚
- å³ä½¿å‘ç”Ÿé”™è¯¯ï¼Œ*IGNORE*ä¿®é¥°ç¬¦ä¹Ÿå¯ä»¥ä½¿*UPDATE*è¯­å¥ç»§ç»­æ›´æ–°è¡Œã€‚å¯¼è‡´é”™è¯¯(å¦‚é‡å¤é”®å†²çª)çš„è¡Œä¸ä¼šæ›´æ–°ã€‚



* ä»`employees`è¡¨æŸ¥è¯¢`Mary`çš„ç”µå­é‚®ä»¶

```mysql
mysql> SELECT firstname,lastname,email FROM employees WHERE employeeNumber=1056;
+-----------+-----------+----------------------+
| firstname | lastname  | email                |
+-----------+-----------+----------------------+
| Mary      | Patterson | mpatterso@yiibai.com |
+-----------+-----------+----------------------+
1 row in set (0.01 sec)
```



* ä½¿ç”¨`UPDATE`è¯­å¥å°†`Mary`çš„ç”µå­é‚®ä»¶æ›´æ–°ä¸ºæ–°çš„ç”µå­é‚®ä»¶

```mysql
mysql> UPDATE employees SET email='mary.new@yiibai.com' WHERE employeeNumber=1056;
Query OK, 1 row affected (0.01 sec)
Rows matched: 1  Changed: 1  Warnings: 0
```

* å†æ¬¡æ‰§è¡Œ`SELECT`è¯­å¥æ¥éªŒè¯æ›´æ”¹

```mysql
mysql> SELECT firstname,lastname,email FROM employees WHERE employeeNumber=1056;
+-----------+-----------+---------------------+
| firstname | lastname  | email               |
+-----------+-----------+---------------------+
| Mary      | Patterson | mary.new@yiibai.com |
+-----------+-----------+---------------------+
1 row in set (0.00 sec)
```

### delete è¯­å¥

```
DELETE FROM table_name
WHERE condition;
```



> é¦–å…ˆï¼ŒæŒ‡å®šåˆ é™¤æ•°æ®çš„è¡¨(`table_name`)ã€‚
>
> å…¶æ¬¡ï¼Œä½¿ç”¨æ¡ä»¶æ¥æŒ‡å®šè¦åœ¨`WHERE`å­å¥ä¸­åˆ é™¤çš„è¡Œè®°å½•ã€‚å¦‚æœè¡ŒåŒ¹é…æ¡ä»¶ï¼Œè¿™äº›è¡Œè®°å½•å°†è¢«åˆ é™¤ã€‚
>
> è¯·æ³¨æ„ï¼Œ`WHERE`å­å¥æ˜¯å¯é€‰çš„ã€‚å¦‚æœçœç•¥`WHERE`å­å¥ï¼Œ`DELETE`è¯­å¥å°†åˆ é™¤è¡¨ä¸­çš„æ‰€æœ‰è¡Œã€‚








